{
	"partitions" : [
		{
			"name" : "Top",
			"pins" : [
				{
					"name" : "AC[0]",
					"strict" : false
				},
				{
					"name" : "AC[1]",
					"strict" : false
				},
				{
					"name" : "AC[2]",
					"strict" : false
				},
				{
					"name" : "AC[3]",
					"strict" : false
				},
				{
					"name" : "AC[4]",
					"strict" : false
				},
				{
					"name" : "AC[5]",
					"strict" : false
				},
				{
					"name" : "AC[6]",
					"strict" : false
				},
				{
					"name" : "AC[7]",
					"strict" : false
				},
				{
					"name" : "MAR[0]",
					"strict" : false
				},
				{
					"name" : "MAR[1]",
					"strict" : false
				},
				{
					"name" : "MAR[2]",
					"strict" : false
				},
				{
					"name" : "MAR[3]",
					"strict" : false
				},
				{
					"name" : "MAR[4]",
					"strict" : false
				},
				{
					"name" : "MAR[5]",
					"strict" : false
				},
				{
					"name" : "MAR[6]",
					"strict" : false
				},
				{
					"name" : "PC[0]",
					"strict" : false
				},
				{
					"name" : "PC[1]",
					"strict" : false
				},
				{
					"name" : "PC[2]",
					"strict" : false
				},
				{
					"name" : "PC[3]",
					"strict" : false
				},
				{
					"name" : "PC[4]",
					"strict" : false
				},
				{
					"name" : "PC[5]",
					"strict" : false
				},
				{
					"name" : "PC[6]",
					"strict" : false
				},
				{
					"name" : "TIMER[0]",
					"strict" : false
				},
				{
					"name" : "TIMER[1]",
					"strict" : false
				},
				{
					"name" : "TIMER[2]",
					"strict" : false
				},
				{
					"name" : "TIMER[3]",
					"strict" : false
				},
				{
					"name" : "TIMER[4]",
					"strict" : false
				},
				{
					"name" : "TIMER[5]",
					"strict" : false
				},
				{
					"name" : "TIMER[6]",
					"strict" : false
				},
				{
					"name" : "CLK",
					"strict" : false
				},
				{
					"name" : "RST",
					"strict" : false
				},
				{
					"name" : "ClkEn",
					"strict" : false
				},
				{
					"name" : "DIVEn",
					"strict" : false
				}
			]
		}
	]
}